"x","y","Jan.01.2003","Jan.02.2003","Jan.03.2003","Jan.04.2003","Jan.05.2003","Jan.06.2003","Jan.07.2003","Jan.08.2003","Jan.09.2003","Jan.10.2003","Jan.11.2003","Jan.12.2003","Jan.13.2003","Jan.14.2003","Jan.15.2003","Jan.16.2003","Jan.17.2003","Jan.18.2003","Jan.19.2003","Jan.20.2003","Jan.21.2003","Jan.22.2003","Jan.23.2003","Jan.24.2003","Jan.25.2003","Jan.26.2003","Jan.27.2003","Jan.28.2003","Jan.29.2003","Jan.30.2003","Jan.31.2003","Feb.01.2003","Feb.02.2003","Feb.03.2003","Feb.04.2003","Feb.05.2003","Feb.06.2003","Feb.07.2003","Feb.08.2003","Feb.09.2003","Feb.10.2003","Feb.11.2003","Feb.12.2003","Feb.13.2003","Feb.14.2003","Feb.15.2003","Feb.16.2003","Feb.17.2003","Feb.18.2003","Feb.19.2003","Feb.20.2003","Feb.21.2003","Feb.22.2003","Feb.23.2003","Feb.24.2003","Feb.25.2003","Feb.26.2003","Feb.27.2003","Feb.28.2003","Mar.01.2003","Mar.02.2003","Mar.03.2003","Mar.04.2003","Mar.05.2003","Mar.06.2003","Mar.07.2003","Mar.08.2003","Mar.09.2003","Mar.10.2003","Mar.11.2003","Mar.12.2003","Mar.13.2003","Mar.14.2003","Mar.15.2003","Mar.16.2003","Mar.17.2003","Mar.18.2003","Mar.19.2003","Mar.20.2003","Mar.21.2003","Mar.22.2003","Mar.23.2003","Mar.24.2003","Mar.25.2003","Mar.26.2003","Mar.27.2003","Mar.28.2003","Mar.29.2003","Mar.30.2003","Mar.31.2003","Apr.01.2003","Apr.02.2003","Apr.03.2003","Apr.04.2003","Apr.05.2003","Apr.06.2003","Apr.07.2003","Apr.08.2003","Apr.09.2003","Apr.10.2003","Apr.11.2003","Apr.12.2003","Apr.13.2003","Apr.14.2003","Apr.15.2003","Apr.16.2003","Apr.17.2003","Apr.18.2003","Apr.19.2003","Apr.20.2003","Apr.21.2003","Apr.22.2003","Apr.23.2003","Apr.24.2003","Apr.25.2003","Apr.26.2003","Apr.27.2003","Apr.28.2003","Apr.29.2003","Apr.30.2003","May.01.2003","May.02.2003","May.03.2003","May.04.2003","May.05.2003","May.06.2003","May.07.2003","May.08.2003","May.09.2003","May.10.2003","May.11.2003","May.12.2003","May.13.2003","May.14.2003","May.15.2003","May.16.2003","May.17.2003","May.18.2003","May.19.2003","May.20.2003","May.21.2003","May.22.2003","May.23.2003","May.24.2003","May.25.2003","May.26.2003","May.27.2003","May.28.2003","May.29.2003","May.30.2003","May.31.2003","Jun.01.2003","Jun.02.2003","Jun.03.2003","Jun.04.2003","Jun.05.2003","Jun.06.2003","Jun.07.2003","Jun.08.2003","Jun.09.2003","Jun.10.2003","Jun.11.2003","Jun.12.2003","Jun.13.2003","Jun.14.2003","Jun.15.2003","Jun.16.2003","Jun.17.2003","Jun.18.2003","Jun.19.2003","Jun.20.2003","Jun.21.2003","Jun.22.2003","Jun.23.2003","Jun.24.2003","Jun.25.2003","Jun.26.2003","Jun.27.2003","Jun.28.2003","Jun.29.2003","Jun.30.2003","Jul.01.2003","Jul.02.2003","Jul.03.2003","Jul.04.2003","Jul.05.2003","Jul.06.2003","Jul.07.2003","Jul.08.2003","Jul.09.2003","Jul.10.2003","Jul.11.2003","Jul.12.2003","Jul.13.2003","Jul.14.2003","Jul.15.2003","Jul.16.2003","Jul.17.2003","Jul.18.2003","Jul.19.2003","Jul.20.2003","Jul.21.2003","Jul.22.2003","Jul.23.2003","Jul.24.2003","Jul.25.2003","Jul.26.2003","Jul.27.2003","Jul.28.2003","Jul.29.2003","Jul.30.2003","Jul.31.2003","Aug.01.2003","Aug.02.2003","Aug.03.2003","Aug.04.2003","Aug.05.2003","Aug.06.2003","Aug.07.2003","Aug.08.2003","Aug.09.2003","Aug.10.2003","Aug.11.2003","Aug.12.2003","Aug.13.2003","Aug.14.2003","Aug.15.2003","Aug.16.2003","Aug.17.2003","Aug.18.2003","Aug.19.2003","Aug.20.2003","Aug.21.2003","Aug.22.2003","Aug.23.2003","Aug.24.2003","Aug.25.2003","Aug.26.2003","Aug.27.2003","Aug.28.2003","Aug.29.2003","Aug.30.2003","Aug.31.2003","Sep.01.2003","Sep.02.2003","Sep.03.2003","Sep.04.2003","Sep.05.2003","Sep.06.2003","Sep.07.2003","Sep.08.2003","Sep.09.2003","Sep.10.2003","Sep.11.2003","Sep.12.2003","Sep.13.2003","Sep.14.2003","Sep.15.2003","Sep.16.2003","Sep.17.2003","Sep.18.2003","Sep.19.2003","Sep.20.2003","Sep.21.2003","Sep.22.2003","Sep.23.2003","Sep.24.2003","Sep.25.2003","Sep.26.2003","Sep.27.2003","Sep.28.2003","Sep.29.2003","Sep.30.2003","Oct.01.2003","Oct.02.2003","Oct.03.2003","Oct.04.2003","Oct.05.2003","Oct.06.2003","Oct.07.2003","Oct.08.2003","Oct.09.2003","Oct.10.2003","Oct.11.2003","Oct.12.2003","Oct.13.2003","Oct.14.2003","Oct.15.2003","Oct.16.2003","Oct.17.2003","Oct.18.2003","Oct.19.2003","Oct.20.2003","Oct.21.2003","Oct.22.2003","Oct.23.2003","Oct.24.2003","Oct.25.2003","Oct.26.2003","Oct.27.2003","Oct.28.2003","Oct.29.2003","Oct.30.2003","Oct.31.2003","Nov.01.2003","Nov.02.2003","Nov.03.2003","Nov.04.2003","Nov.05.2003","Nov.06.2003","Nov.07.2003","Nov.08.2003","Nov.09.2003","Nov.10.2003","Nov.11.2003","Nov.12.2003","Nov.13.2003","Nov.14.2003","Nov.15.2003","Nov.16.2003","Nov.17.2003","Nov.18.2003","Nov.19.2003","Nov.20.2003","Nov.21.2003","Nov.22.2003","Nov.23.2003","Nov.24.2003","Nov.25.2003","Nov.26.2003","Nov.27.2003","Nov.28.2003","Nov.29.2003","Nov.30.2003","Dec.01.2003","Dec.02.2003","Dec.03.2003","Dec.04.2003","Dec.05.2003","Dec.06.2003","Dec.07.2003","Dec.08.2003","Dec.09.2003","Dec.10.2003","Dec.11.2003","Dec.12.2003","Dec.13.2003","Dec.14.2003","Dec.15.2003","Dec.16.2003","Dec.17.2003","Dec.18.2003","Dec.19.2003","Dec.20.2003","Dec.21.2003","Dec.22.2003","Dec.23.2003","Dec.24.2003","Dec.25.2003","Dec.26.2003","Dec.27.2003","Dec.28.2003","Dec.29.2003","Dec.30.2003","Dec.31.2003","lat_lon"
-120.6565,48.70601,8.891464,6.699753,4.508057,7.19519,8.165054,7.883255,9.077606,9.586014,10.09447,11.50996,10.96802,11.66537,10.84413,10.41985,10.82117,11.22252,10.63539,9.868591,9.5681,11.52951,9.317017,9.273865,9.230698,9.341339,4.54715,4.112091,10.04047,10.68924,11.33797,11.98672,12.82912,11.8911,11.56554,10.53741,12.02429,13.51118,13.33484,13.41792,12.97914,12.09738,11.23895,12.55238,13.86586,12.3869,12.6386,13.87132,12.70828,13.69211,12.82849,11.9649,11.46788,8.986938,12.57268,12.62688,12.40527,12.18369,13.80205,14.23277,13.49631,12.43008,11.7355,11.04094,10.34637,12.08656,10.37921,11.95111,10.97485,8.142502,7.678192,7.213898,5.657333,3.995056,7.042511,7.285583,9.006927,10.72829,14.62453,8.914062,10.17665,5.781006,6.866943,8.333939,9.800934,10.94008,10.55878,12.68037,9.849731,9.245605,8.641541,8.037445,16.63921,19.94838,19.71231,16.88795,13.44365,9.999313,10.85226,2.710114,11.19443,5.650421,7.850677,7.182434,6.514191,9.496124,10.98534,12.62379,12.45503,13.80316,10.4136,7.024048,7.232025,5.114777,5.579468,5.53775,5.610413,5.683075,9.076721,6.531708,5.405182,5.707489,6.447723,7.759094,9.070465,9.125244,18.55582,16.50938,12.02463,5.980591,7.597229,9.213837,9.685944,12.57812,9.417145,10.15042,9.541351,8.932281,10.69894,7.873871,8.838959,5.057922,2.249329,2.716003,3.182678,2.100281,5.495453,4.203796,3.468628,4.176453,3.470123,2.763824,3.252899,3.046204,4.331665,4.762085,4.316864,3.871674,3.410461,4.035583,4.084473,4.580688,2.002563,2.477631,2.952759,3.433197,3.266937,3.186798,3.788971,3.339325,3.031708,2.724121,2.774475,2.82486,3.353088,3.100739,2.326935,1.553192,3.932983,2.652924,4.621552,3.554108,4.045959,3.478851,2.911713,3.3909,3.10141,2.579346,4.3172,3.829224,3.695251,3.561279,2.756531,3.637695,4.360931,3.324677,2.950653,2.57666,3.501984,3.976929,4.207123,4.155273,2.683685,2.794952,2.906189,3.556702,2.725525,3.828033,3.702789,3.417297,3.083313,2.749359,3.908325,3.788574,3.722229,3.306549,2.906128,2.505768,2.788208,2.431152,2.426666,3.042084,3.657471,3.635773,3.614105,3.016571,2.211182,2.846161,3.50061,3.113251,3.271759,3.430298,3.030701,4.243835,3.314117,4.394409,0.6365356,-3.121338,3.165314,2.847443,3.869843,3.49234,3.248535,3.155731,3.062897,2.81192,2.140259,3.082001,2.955292,3.474243,2.89978,2.325317,3.571533,4.600891,1.703888,2.862213,3.450684,4.039154,2.81781,3.840363,3.792511,2.737457,1.89209,2.311096,2.730103,2.839386,2.948639,3.645782,1.811432,2.425079,2.426422,2.427765,2.429108,3.219574,2.834229,3.095215,3.006195,2.917175,2.810913,2.877228,4.540283,3.202942,3.093567,3.491119,3.88858,3.467285,3.001282,4.031464,4.396484,3.771576,3.159485,2.547424,3.064911,3.624054,7.555634,3.396667,3.318634,3.240601,1.707733,2.689758,1.660339,2.730835,3.792419,3.509766,3.227051,3.488708,3.933136,3.52713,4.89003,3.892609,4.374222,4.855835,4.178894,4.15451,3.292999,4.782074,5.268677,5.75531,5.020752,6.894897,6.25116,6.531555,6.441376,6.757446,7.073471,10.41364,12.06862,11.26038,11.42259,9.779816,10.3168,10.85381,10.37292,4.882294,9.180801,9.960632,10.99017,12.01971,12.52945,11.34131,8.295273,12.00792,8.851746,9.070724,9.289688,9.452759,8.283325,9.086304,9.403259,9.510162,9.61705,9.723953,7.953125,9.297394,8.216843,8.378403,8.413895,8.449417,8.975998,9.458054,9.530487,8.624512,8.694443,8.579391,8.46434,10.3607,10.44617,"48.70601_-120.6565"
-119.8666,48.65283,6.981308,6.411469,5.841675,6.390839,6.935699,10.05348,11.18074,7.274155,7.195129,7.116089,10.08817,8.80954,7.206818,9.332031,9.810272,10.28856,6.874207,11.27457,10.64435,11.5858,11.21803,10.10353,8.989014,6.231873,2.890137,6.687897,11.59715,10.74806,9.842941,8.937775,10.63898,12.49542,9.044632,10.94151,11.89154,12.84155,11.43082,11.40623,13.35368,12.28679,11.9933,11.34363,10.69394,7.314484,8.97998,6.468109,8.920059,11.52475,10.70189,9.878998,12.95537,8.157623,14.0177,14.44339,13.02885,11.6143,14.81171,12.7912,9.365967,12.44542,11.87505,11.30472,10.73436,11.22212,12.88953,14.01387,12.10815,8.907013,7.790161,6.67334,3.965668,2.317474,4.605133,3.654724,6.318237,8.981781,11.64529,5.58194,6.575012,4.592163,7.527374,7.380585,7.233765,9.41156,9.074219,6.181427,6.279388,6.803101,7.326813,7.850525,10.62244,10.23415,9.066971,7.475952,8.38028,6.543518,4.706757,3.713013,5.146301,3.347534,3.669067,3.704987,3.740967,4.422119,5.433105,5.197632,6.105133,4.354248,4.400726,4.447205,4.019226,3.287109,3.064178,3.56076,1.348389,3.636841,5.925293,5.166382,3.881378,4.58374,3.540863,3.702576,3.864288,3.858002,5.743439,6.648132,4.683105,4.136444,4.076324,4.016235,4.446869,3.593414,4.382874,3.621796,4.299103,4.915314,5.531494,5.500916,4.399475,3.848267,3.840607,4.816101,5.791565,4.794556,4.138123,3.211517,1.867767,2.194427,3.147308,4.10022,3.954468,3.327667,4.074249,3.160187,1.504944,2.636932,3.768951,3.360657,4.454895,3.976501,4.012726,3.547913,3.083069,2.943329,3.608368,3.206543,3.691925,2.248993,2.610199,2.971436,3.399963,3.828491,4.791687,2.559662,3.452637,3.963104,4.473572,3.897614,3.465729,3.973816,3.067352,3.293304,3.519257,4.069611,3.849365,3.530731,2.820099,3.037384,3.298431,3.559479,3.672821,4.484283,4.715729,3.85672,3.569244,4.308441,5.047638,4.275726,4.533081,2.681366,4.262573,4.065002,3.867432,3.824493,4.144226,4.474487,4.514587,3.38092,3.423401,3.465881,4.580078,4.691162,3.345795,3.973236,4.181396,6.197083,8.212799,5.056427,5.277496,5.001343,4.72522,3.919464,3.11377,4.490265,3.862854,3.370972,3.325623,3.028198,3.514404,4.000671,3.661469,4.214508,3.714752,5.608521,0.5891113,2.380219,4.171356,4.731567,4.800171,4.345886,3.46936,3.609589,3.749817,4.353271,3.230469,3.147705,3.525574,3.302582,3.524841,3.747162,2.983551,3.28894,3.96582,2.755737,1.784363,2.781464,3.778534,3.89267,2.440033,3.106262,2.01828,3.341187,4.664154,4.14035,3.616577,3.560516,3.807495,2.990356,3.00119,3.011993,3.022797,4.341248,3.505798,3.443451,1.941254,2.428223,2.915161,3.523285,3.170471,3.219299,3.240112,3.608551,3.97699,3.862183,4.200989,3.011902,4.365662,2.335602,2.175598,2.015625,1.572632,1.335297,4.091949,2.110504,2.334229,2.557983,2.781708,2.532166,1.309814,2.545227,3.396271,4.298553,5.200836,4.912567,4.394012,5.539673,5.00322,5.300049,5.364441,5.428818,4.151031,2.879303,2.918518,2.707764,0.5826111,-1.542603,2.894623,4.338196,2.468781,3.525269,3.053101,6.216675,9.380203,8.348129,12.43645,6.648102,5.464142,6.434082,6.79628,7.158478,5.609894,5.168243,4.883331,7.164978,8.916489,10.66798,8.470718,5.918243,3.556122,10.17458,9.282318,9.559753,9.837173,9.109573,6.568069,9.103928,9.725006,12.07492,10.47505,8.875168,8.432709,8.638931,8.661606,7.479004,6.940613,6.402222,7.52356,7.673615,7.539368,12.01445,9.88475,10.40285,10.92093,12.10645,12.19571,"48.65283_-119.8666"
-120.9198,48.44011,9.751038,8.73317,7.715347,5.242767,9.234375,12.18871,11.22284,12.28015,13.33748,17.8309,14.37848,14.52028,13.66154,12.45943,13.80052,15.14159,11.01175,14.44965,11.14833,14.91316,10.11639,10.08125,10.04613,7.479294,1.744415,7.36795,11.53694,11.65417,11.77144,6.672791,7.749969,10.78972,10.59811,13.75554,13.39058,13.02557,15.56139,19.77982,13.9218,16.46492,16.20692,16.67239,17.13783,11.48302,13.40852,15.25002,15.80313,21.48026,27.15735,11.15627,12.27541,9.394165,8.871643,11.58568,11.50966,11.43365,13.75006,11.86192,13.61613,12.6703,10.75125,8.832199,6.913162,11.54379,6.196274,7.615829,9.063141,6.960526,4.857895,2.75528,3.537598,2.562012,4.779114,5.666595,8.961456,12.25635,15.36998,6.260376,5.323105,4.595886,6.575378,6.123428,5.671463,9.427414,9.250534,9.343384,8.5271,8.186615,7.846161,7.505707,16.50514,18.07423,16.86641,12.40648,11.26794,10.12941,8.090073,4.890594,12.45299,6.513733,12.60617,10.15195,7.697693,14.02521,7.665497,9.817398,12.39342,5.337158,5.912262,6.487366,6.06308,7.210022,4.206116,6.974854,6.792786,6.610687,13.71082,10.39923,6.282104,6.168823,8.698792,10.4733,12.24774,6.927307,14.97482,17.73515,9.540253,13.19598,12.23584,11.27576,10.10379,11.45883,9.574005,7.750305,7.204132,6.65802,9.892578,8.57608,8.092072,3.060822,2.956177,2.963379,2.970612,2.989197,4.038727,3.282043,2.652985,4.431,3.878815,3.326599,2.339325,2.845367,6.078796,4.418396,3.674011,2.929626,3.600769,3.61673,4.956543,2.764618,3.073578,2.888824,2.704071,2.459625,3.997009,3.519562,3.870911,6.065002,4.941681,3.81839,3.113983,2.409576,2.557281,2.916779,4.319153,5.721527,4.48111,3.845917,4.493286,1.928223,2.959137,3.54425,4.129425,2.923248,4.314606,2.177704,2.965027,2.189636,3.346985,4.504364,3.047089,3.512268,4.807312,1.884888,3.150482,4.416046,4.084869,3.250824,2.943634,3.000122,3.0495,3.975555,4.901642,2.545776,3.767731,3.248962,3.889313,3.55011,4.034546,4.518951,4.31778,1.249359,3.80545,4.023865,3.192657,2.361481,6.665161,2.450653,3.124512,3.375061,3.62558,4.114899,4.604218,4.155029,3.176819,2.921814,3.091278,0.7828979,2.756073,4.729279,3.428772,4.057434,3.020935,4.557953,3.588867,2.619781,4.277832,3.797974,3.70166,3.055756,3.441803,3.849792,4.257782,4.397217,3.944122,3.812592,3.684845,7.871368,5.48819,3.105011,3.495117,2.537262,2.087982,2.768005,3.035645,3.303284,4.088776,3.912842,2.807037,2.878754,2.981415,3.355621,3.729828,3.183228,2.636658,2.900421,3.654572,5.000458,4.860687,4.720947,4.581207,3.33847,2.801361,3.300232,3.779236,4.25827,2.45816,2.346985,5.324127,2.623413,4.16272,4.281616,4.400543,4.688751,6.369507,4.137726,5.449036,3.746552,3.888062,4.029572,4.462341,3.667664,10.05685,2.772766,3.216492,3.660217,4.14386,2.371307,0.8862305,2.061829,3.730865,4.617218,5.503601,4.523132,4.717194,4.49234,4.170517,4.929382,5.688232,6.447113,4.030029,4.070282,4.279236,5.420898,6.332092,7.243347,9.015106,7.093292,8.150024,8.482422,8.286346,7.315186,6.344086,10.28491,12.23564,12.85548,16.03134,18.55592,21.08051,11.77876,11.54947,8.626312,12.01169,13.15843,12.47345,11.7885,15.27708,12.86703,12.33894,11.96884,13.36581,13.62102,13.87627,14.74699,12.89963,10.7879,10.66716,11.86192,13.05666,9.902542,11.05202,11.06853,10.53728,10.77545,10.92574,11.07596,10.21579,11.75177,11.08594,12.76254,15.45651,12.86545,10.27438,12.37518,11.16898,"48.44011_-120.9198"
-123.0262,47.74876,-3.93277,-2.58197,-2.860992,-1.513794,-7.01239,-5.084595,-30.33609,-14.47318,1.389771,-1.718658,-2.599976,-3.423737,-4.5867,-2.633392,-0.6801453,-2.799225,-2.164886,-6.203217,-1.809814,-3.787781,-2.723816,-1.659882,-1.151001,-3.188538,-6.865448,-7.160492,-10.83875,-5.725525,-0.6123047,-3.423157,-1.875824,-3.639893,-2.845367,-1.585327,-0.3252869,0.9347534,0.8866577,-4.263565,-5.294342,-8.832733,-5.178009,-1.523285,-0.9801331,-3.546631,-7.280609,-3.674088,-3.247421,-1.258331,0.7307739,-2.457611,-1.149048,-1.997589,-1.978104,-1.591278,-1.204483,-0.817627,-4.605042,-8.113083,-4.494171,-6.153473,-3.735489,-1.317535,1.100464,-1.225342,-0.693512,-3.645767,-6.674377,-3.353607,-0.03286743,0.3132935,-3.110077,1.630463,-4.47702,-21.58437,-10.98199,-0.3796387,-1.56311,-4.068939,-1.966125,-4.868591,-0.3091736,4.250214,-0.7101746,0.2050171,-2.453568,-3.274475,-4.001556,-3.606262,-3.210938,-1.508392,-2.943558,-2.978317,-0.8041687,-26.07391,-12.61685,0.84021,-2.271515,-1.887268,-1.689026,-5.365417,-0.9016113,3.562225,0.7354126,-2.896118,-1.629181,-5.52356,-5.444138,-4.068268,-2.692413,0.02874756,-2.338013,-3.465118,-5.778015,-31.32054,-17.36417,-3.407806,0.5421448,-5.274933,-4.958954,-7.535706,2.030182,11.59604,2.161743,-1.688293,-5.113251,-6.258484,-3.402191,-3.838806,-4.275391,-1.022797,-4.427734,-2.266876,-9.983948,-24.7578,-11.83298,1.091827,0.4691467,-3.368713,-5.692993,-6.210083,-1.733307,2.743469,-2.796661,-3.904297,-4.290405,-4.752258,-10.52017,-8.558472,-6.596771,-3.098114,-1.694916,-4.30603,-7.271515,-13.60063,-7.967224,-2.333862,-4.615326,-8.155487,-4.855347,-3.938416,1.651581,7.241577,-2.246552,-2.713898,-0.3592834,-7.153595,-9.516968,-6.086975,-2.657013,-5.371277,-6.876801,-8.382324,-9.576599,-19.39197,-10.51227,-1.632629,-1.961243,-9.196381,-7.358368,-5.805115,-4.947266,-4.089508,-3.458069,-4.177277,-5.169708,-4.718048,-9.252106,-7.027863,-4.80365,-2.055878,-1.940155,-9.521545,-5.10495,-7.888245,-6.91748,-5.946716,-0.2444458,-10.88409,-6.922272,-5.09259,0.4567566,6.006134,-6.536163,-5.16568,-6.124146,-5.522614,-5.634857,-6.103638,-6.572388,-4.77066,-4.629059,-5.319,-5.542908,-4.504944,-4.63797,-4.771057,-2.260895,-7.87619,-5.208832,-0.2494812,4.709808,9.669159,-1.770599,-1.023773,-0.9853821,-6.500153,-4.619263,-3.953827,-3.288361,-0.8641663,-5.065094,-4.401764,-7.734192,-23.56802,-14.6637,-5.75943,-4.886597,-5.599792,-5.139252,-7.938843,0.02487183,7.988525,-1.249695,-3.782166,-8.426453,-10.0416,-6.918854,-5.250305,-3.581726,-5.013641,-1.439819,-3.578522,-3.841583,-33.61624,-18.14571,-2.675171,-3.715668,-1.125031,-1.071167,-4.608185,-0.3721619,3.863861,-2.075745,-2.169464,-2.263184,-3.640381,-7.190643,-6.302948,-5.415314,-4.527649,-3.639984,-5.633057,-4.809052,-31.66283,-17.42819,-3.193542,-2.933441,-6.801941,-3.284271,0.622406,-0.4524536,-1.527313,0.3773804,-1.094604,-5.977966,-3.575928,-4.422791,-2.831268,-1.239807,-4.276703,-3.556061,-4.000946,-0.915741,-23.79588,-13.56561,-3.335419,-5.518494,-6.53717,-5.067291,-7.353455,-5.338013,-3.32251,-1.415161,-2.123352,-6.177948,-6.593826,-8.175919,-7.123825,-6.071716,-5.019623,-4.813324,-8.342194,-2.805176,-2.493286,-2.181335,-1.869446,-4.630829,-4.647552,-7.794556,-7.448425,-3.888977,-0.3295593,-0.9002991,1.026917,-1.742599,0.3275757,-1.761307,0.7595825,3.280518,3.877838,-4.181793,-0.1872864,-2.537537,-2.093842,-1.650177,-1.206482,0.9060669,-0.7750244,1.901245,-5.425949,-2.628845,0.1682739,1.011993,-0.4476318,0.1383972,-1.571777,-4.589447,-1.099854,2.38974,0.2692871,-2.781769,-2.363373,-5.414062,-0.4417114,4.53064,2.012634,-0.02258301,-3.182434,-8.061493,-4.584793,-1.68425,1.216263,2.229004,3.914505,-5.454361,"47.74876_-123.0262"
-120.6565,47.3765,5.396637,4.671082,3.945587,7.05777,10.48376,10.74181,9.914536,13.02441,16.13426,12.16383,12.85063,11.99193,9.024277,11.59369,12.52353,13.45338,10.93947,12.0708,11.30824,9.58255,8.934631,8.286743,7.638824,1.582611,2.332306,6.076843,6.872162,4.064087,1.256042,2.474243,3.728943,12.25827,8.826813,14.67825,14.32219,13.96608,11.99704,12.27002,13.35713,11.67255,8.754242,10.25703,11.75983,7.274628,8.490204,6.97995,5.920868,7.17157,8.422241,5.668579,3.664429,4.105469,6.444626,9.102432,9.146637,9.190872,7.824783,7.323639,7.443619,6.589569,6.987549,7.385559,7.783539,5.890045,5.914825,5.406708,2.660492,2.893463,3.126434,3.359406,3.285095,1.390533,3.639069,2.545959,5.943298,9.340668,8.881226,6.011902,7.286072,2.273438,5.273834,5.891937,6.51001,6.396729,6.374664,7.128296,4.59668,5.239777,5.882874,6.526001,10.32507,10.28729,8.483215,7.873596,7.850739,7.827911,4.068146,4.395782,6.149597,4.22821,5.886841,5.175812,4.464783,5.033997,7.740479,4.916199,7.413177,6.28476,5.156281,4.027863,4.772339,4.401154,3.076263,2.268311,4.198334,6.128357,4.585052,3.378082,5.716644,2.374725,3.635223,4.140228,4.645264,4.035004,5.403046,7.5495,4.247803,4.477539,4.707336,4.937073,5.443268,5.270142,4.425903,3.689697,4.477814,5.265991,5.808533,6.404144,6.113556,4.291016,2.981049,3.252136,3.523163,2.580505,3.930603,4.072571,2.568939,2.775146,2.981323,3.187561,4.653473,3.570068,3.908844,3.243347,3.724762,4.206146,3.550964,3.993225,3.677002,5.882874,3.739136,3.675537,3.611938,2.703217,3.243774,3.096954,1.918549,7.708008,5.641907,3.575806,3.906433,4.237061,4.110687,3.980957,3.724396,3.467865,3.20813,3.72525,3.532196,2.926361,4.05069,3.797028,3.543365,2.803772,7.089783,3.683563,3.281708,5.271301,4.093506,2.915741,3.818542,4.059296,3.381256,3.715271,4.003845,4.292389,3.440552,4.496979,3.942352,3.127411,3.157318,3.289215,3.421082,4.309692,3.602142,3.674591,3.07959,6.478638,4.697845,2.917053,5.700165,4.11734,3.882141,2.847809,3.431335,4.014832,4.218597,4.065674,3.980743,3.549377,3.118073,3.450256,3.78244,3.740997,4.334625,4.456696,3.137939,3.598358,4.058716,4.519104,3.504395,3.708984,3.602417,3.114227,1.927979,0.7417603,3.698578,4.467682,4.797119,4.112579,2.708252,2.894958,3.081696,2.984131,4.853333,4.550385,3.73111,3.714172,3.697174,3.680237,4.12561,3.674622,2.963959,1.26651,1.870575,2.474609,3.154999,4.851257,2.905884,3.91568,2.842499,3.228394,3.614288,3.34729,3.080292,2.626373,2.94635,3.268982,3.591583,3.914154,4.236786,4.65567,3.450348,2.534668,2.603607,2.672485,3.738129,5.098602,6.785431,2.310638,3.16452,3.386749,3.608978,3.32962,3.489471,4.081268,2.673553,2.721619,2.769745,2.81781,2.624176,2.707977,1.055389,0.692688,2.22876,3.764832,2.705963,1.040039,3.194275,2.404633,2.533722,3.146637,3.759552,3.533569,4.235748,3.678375,3.497528,3.468628,3.439789,3.410889,3.526825,3.578339,3.56131,3.523468,3.545746,3.568054,5.245331,3.778748,4.589783,2.853302,3.862854,4.376831,4.890839,6.331726,9.528015,8.639267,7.060333,6.623901,6.187408,6.282166,6.610992,2.681824,6.6315,7.174683,6.046265,4.917847,11.12906,5.285034,5.589569,9.681351,13.02757,11.72298,10.41838,10.16776,6.630463,8.818176,7.429459,5.739319,4.049179,8.176193,7.867615,8.664047,5.520966,6.398346,7.348572,8.298813,4.2052,8.238297,9.795914,9.056564,9.62323,10.1899,10.75656,10.4554,10.09212,"47.3765_-120.6565"
-120.3932,47.27014,6.289825,5.590149,4.890503,10.12199,15.80382,12.7431,13.86353,12.25412,10.64468,15.99654,17.06831,17.07529,6.638336,18.44014,16.75136,15.06259,15.70966,13.29338,13.4855,12.08586,11.05383,11.66472,12.2756,2.134918,0.8041382,3.559998,9.896118,6.792053,3.687988,0.5839233,3.336182,14.10818,8.705627,14.80255,12.47893,10.15532,13.77141,12.89641,12.40576,13.38249,11.89391,11.02464,10.15533,6.465973,6.948151,4.288544,6.012146,6.83551,7.658844,8.482178,4.890991,4.152527,8.561218,11.51801,9.585541,7.653076,9.868622,10.43237,9.578568,9.333084,9.183136,9.033203,8.88327,8.929947,7.985565,8.474121,5.29953,4.591461,3.883392,3.175323,2.887268,1.218292,4.186249,3.9617,6.472198,8.982758,8.506714,3.905792,6.607452,2.748596,6.33316,7.255188,8.177155,8.408295,8.101288,9.662079,5.315918,5.493042,5.670105,5.847229,9.16272,8.507385,7.541443,6.958618,4.719116,2.479614,4.606903,4.733337,6.038696,4.075165,6.09967,5.216797,4.333923,5.680359,5.604156,4.816833,6.122345,5.477325,4.832306,4.187286,4.32196,5.288757,4.053741,1.691803,3.232422,4.773102,5.727234,4.510681,4.190216,3.161591,3.309021,3.873291,4.437561,4.030365,5.708832,5.448822,3.41861,8.177612,5.847412,3.517212,4.234772,5.02005,3.176453,3.902649,1.23941,-1.423767,4.802582,4.108826,5.619751,3.808197,3.947205,3.964569,3.981964,3.787323,4.432159,5.43396,2.876953,7.953674,5.798584,3.643494,4.977295,4.790741,4.322083,4.331909,4.117554,3.903168,4.106049,4.953186,4.61676,4.923737,4.832397,4.516083,4.199738,2.34668,3.840851,3.29895,3.039978,9.082458,6.779968,4.477478,5.109894,5.742371,5.553497,4.591919,4.329681,4.067474,3.429443,4.299469,4.465485,3.056366,4.378052,4.667267,4.956482,3.47171,5.294067,3.823578,3.858856,5.963806,5.412445,4.861084,5.761444,4.938721,4.375183,4.696106,6.645813,8.59552,6.022491,4.365112,4.309784,4.185669,3.801605,3.806183,3.810791,4.266815,4.160187,5.186859,4.01413,6.031189,4.964996,3.898804,4.875946,5.646576,5.274017,5.086853,6.49469,7.902527,5.897064,5.143158,4.570709,4.27832,3.985992,4.366638,4.747345,3.889954,4.165771,4.646973,3.640594,2.2099,3.63385,5.057739,4.79953,4.91748,3.156006,4.345581,2.973114,1.600708,4.75766,4.567596,4.840332,3.907135,3.461731,4.202515,4.943329,4.89386,4.807678,3.493958,4.174774,4.220123,4.265411,4.31073,4.88623,4.531952,3.774506,2.758667,3.84491,4.931152,4.519806,5.517609,3.90448,5.035248,4.032562,4.498291,4.96402,4.999847,5.035675,4.363586,4.256073,4.175049,4.094055,4.013031,3.932007,3.248596,4.778198,3.963623,4.263153,4.562683,3.194031,4.4263,4.15506,3.867493,4.116608,4.458954,4.801239,3.939209,4.901093,4.146729,2.860687,2.74939,2.638062,2.526794,3.485596,4.248199,0.9797668,2.271912,2.782318,3.292725,2.973053,3.038635,2.707123,3.465698,2.855194,3.780518,4.705841,4.37851,4.925781,4.340485,3.754242,4.00824,4.262238,4.516235,5.223785,5.238831,3.367737,3.48114,3.667145,3.85318,4.706665,5.420471,3.917664,3.387512,3.30011,4.954865,6.609619,6.648987,9.167023,6.941818,6.316925,5.981934,5.646973,5.311981,5.103455,1.064575,5.749664,6.102905,4.626556,3.150208,13.27185,3.940247,2.679932,11.5679,11.71872,10.89139,10.06404,11.08533,9.353943,9.817932,8.767426,8.713806,8.660187,8.606552,9.910385,9.486618,3.058838,8.841766,8.599823,8.35788,6.681488,9.346222,12.13986,12.50829,13.17575,13.84325,14.51071,14.12085,12.22363,"47.27014_-120.3932"
-121.973,47.05742,2.250183,4.131256,2.256897,1.546661,2.240173,1.790863,0.8662415,2.058014,3.249756,3.948334,-0.09280396,1.998077,1.150848,1.329773,1.508636,1.687561,3.409454,2.446808,1.208099,2.518097,2.564789,2.611481,2.462524,1.780121,4.033051,1.291016,-0.4484863,0.2445374,0.9376221,4.610168,2.194519,2.389648,1.670135,0.3145447,1.536255,2.757965,4.562714,3.284973,1.49704,1.622162,0.2769775,-1.068176,3.180389,3.728149,2.201324,2.470642,-2.286163,0.03829956,2.362701,1.74765,2.736023,2.01651,1.387756,6.381866,4.819092,3.256348,2.592102,4.259216,0.464386,2.165497,2.262543,2.359589,2.456665,3.803833,5.641602,1.84787,-1.46051,0.5028687,2.466217,3.645752,1.553955,2.195557,2.035034,1.645691,2.51947,3.393188,3.226654,2.909637,3.015808,2.832245,2.798035,2.763794,2.729584,3.829407,2.811859,1.965973,1.731354,2.517731,3.304138,5.138519,4.524567,1.60495,3.295898,2.196136,2.80661,3.417053,1.069275,2.105621,2.080597,1.155701,1.877777,2.599854,3.32193,3.714264,2.938995,2.344788,2.410065,2.656097,2.90213,2.847961,1.861542,3.672089,1.157288,1.962128,2.758606,3.555023,3.878754,4.85321,3.559509,1.927368,2.437622,2.947906,3.45816,4.169342,3.95874,1.901642,1.89093,1.872437,1.853912,6.430939,4.095123,4.588684,0.6352539,2.018433,1.8237,1.628967,4.314636,4.478821,2.073578,-0.5838623,0.7004089,1.984711,3.268951,2.813141,3.371979,0.9858093,0.8821411,1.068848,1.255585,2.267609,2.735657,0.6364136,0.5197144,0.7471313,2.423615,4.100159,3.55838,4.36972,1.863159,0.9179382,1.845337,2.772736,3.700165,3.986023,3.998138,1.752502,2.013428,2.302399,2.59137,3.928314,3.009003,2.089691,3.338013,1.135773,2.659973,4.184174,4.292511,3.347992,2.595551,1.110504,2.621979,4.133484,5.644928,3.28714,7.094299,1.56311,1.582001,3.080933,4.579895,2.493591,5.471191,3.497833,1.462036,1.545746,2.875549,4.205353,3.698975,3.286774,2.45343,2.354004,2.924652,3.495239,4.065887,5.348633,3.045746,2.300812,1.969788,2.932892,3.895966,4.852325,4.335358,2.052704,1.675903,1.195496,3.081879,4.968262,3.339661,4.755798,3.143097,3.362701,3.582306,3.801941,4.021545,3.854279,4.516663,2.396881,2.019043,2.628845,3.238678,4.509888,4.815918,3.285248,2.43869,2.133301,3.018066,3.902832,3.397614,4.210022,3.104279,1.79071,2.346497,2.902344,3.45813,3.568665,3.599487,2.945648,1.802856,2.803436,3.803986,3.725739,4.670502,3.832245,1.442352,0.4201965,1.870728,3.321228,4.285187,2.546112,1.838898,2.969696,3.299988,3.630249,3.960541,3.683624,3.406677,1.739105,1.315979,2.328033,3.340118,4.352173,5.364227,2.965424,1.28183,2.38559,3.498566,4.611542,3.274109,2.913757,0.02914429,2.988617,3.278717,3.568787,3.858887,3.873169,1.97876,1.309631,3.453918,2.889587,2.325256,3.225464,2.834991,3.293915,8.90625,2.478027,3.112152,3.746246,3.539398,3.00882,1.180328,0.7577209,1.341797,1.925812,2.509857,3.360565,0.5674744,1.824432,0.8206482,1.756348,2.692078,3.627777,1.263123,2.494141,0.3003235,7.617035,5.758209,3.899353,2.928162,3.465118,0.383728,0.8904114,4.245911,7.601349,3.485443,3.791779,5.417572,3.040955,1.982178,2.259552,2.536957,5.092896,4.011078,3.515045,1.318329,5.797272,6.716675,7.636078,6.242065,0.5974121,2.770569,3.718292,2.439117,1.159943,4.959747,2.59726,1.476837,2.61261,1.238922,1.748535,2.258148,0.9387207,2.466522,0.1627197,-0.1367798,1.031464,2.199707,3.36792,2.515717,0.6420288,0.5499878,3.362701,2.757599,2.152496,4.565918,4.256256,3.574493,"47.05742_-121.973"
-121.973,46.95106,4.814301,6.575439,1.873138,3.23584,4.071411,4.278717,2.576935,3.429626,4.282318,6.67038,3.342194,5.308075,4.929291,4.291046,3.652832,3.014587,4.762146,4.347473,6.574829,7.668701,5.256836,2.84491,4.127289,3.063599,5.303864,6.020508,6.278564,4.223114,2.167664,3.211853,4.272308,5.151855,4.940125,4.698334,4.456482,4.214661,5.417938,5.016449,5.395813,5.320404,6.976074,8.631744,3.87793,6.032715,6.459106,5.726257,4.806458,4.033203,3.259888,4.189362,4.745728,4.440247,5.742493,1.282028,2.938354,4.594666,5.724731,7.988281,4.988037,5.947571,5.62616,5.304688,4.983246,5.962738,8.165558,5.875793,1.84024,3.267731,4.695251,5.7453,2.80545,3.435394,5.186646,3.553314,4.44101,5.328674,6.026367,5.859467,6.817291,6.123535,5.421112,4.718689,4.016266,6.148346,4.913971,6.355713,5.397827,4.48584,3.573853,6.54895,7.304077,6.827026,7.210327,8.308746,6.740967,5.173157,2.986572,4.78302,5.116089,3.184692,3.621033,4.057373,4.493744,4.686035,5.779663,4.79129,4.659729,4.16507,3.670349,3.967987,3.610077,5.602356,3.86496,5.876099,5.038513,4.200928,7.003876,6.630402,5.439362,3.417908,4.08902,4.760193,5.431305,5.965973,6.069092,6.68158,5.73761,5.135376,4.533112,5.560089,4.839447,6.670135,6.705017,5.235687,4.503967,3.772278,6.722778,7.169922,6.511078,2.311676,2.903351,3.494965,4.086639,4.775543,6.019073,3.366821,4.271515,4.102448,3.933411,4.364838,5.629944,3.73526,2.832123,3.302246,4.166656,5.031128,5.80719,5.462189,4.095032,2.49118,3.023651,3.556091,4.088562,5.507202,5.222168,3.41626,4.70285,4.62674,4.550629,4.582886,4.944977,5.307037,4.366577,2.56723,3.721191,4.875153,5.677856,4.177643,4.552277,4.319824,4.942017,5.56424,6.186432,4.264954,6.713013,3.235352,2.86554,4.784363,6.703156,3.474487,6.291199,4.713745,2.619598,3.601166,4.081757,4.562347,5.172821,4.851532,4.387939,2.421692,3.370972,4.320221,5.269501,5.491119,5.111053,4.335327,3.390991,4.377747,5.364532,4.555359,5.900177,4.670013,4.848999,2.725037,4.080444,5.435822,3.523895,6.03006,5.068054,4.968567,4.869019,4.76947,4.669952,5.843018,5.453735,5.537292,4.424225,5.793335,7.162476,4.782623,5.730438,3.813385,5.124023,3.65506,4.195557,4.736053,4.919952,5.971832,5.624542,3.171692,3.414307,3.656952,3.899567,4.4505,3.874176,4.911987,4.715454,4.036224,3.356995,3.800781,5.492523,4.528687,2.92691,3.377441,4.009125,4.640808,4.603302,5.175598,5.433167,4.252441,4.292175,4.331879,4.371582,4.621918,4.872253,4.119537,4.80365,4.883759,4.963867,5.044006,5.124115,5.536102,5.26886,4.017578,4.017639,4.017731,4.579803,4.309601,3.195374,5.045105,4.615601,4.186096,3.756592,6.505951,3.004578,5.493378,6.13736,4.953369,3.76944,4.136719,4.216644,5.030579,8.782837,3.179291,3.633789,4.088287,3.431427,3.338013,2.133545,2.261261,2.868622,3.475952,4.083313,5.208069,3.471619,4.04538,3.58667,4.028656,4.470703,4.912689,3.128418,4.99765,3.527985,9.57077,6.950592,4.330414,3.537079,5.282288,5.010468,4.021454,7.66806,11.3147,3.165253,5.399414,6.968124,4.875916,5.377747,4.64447,3.911163,7.397217,4.963593,5.776001,4.74118,7.017914,8.260071,9.502228,7.562469,0.7158813,4.373749,8.082947,7.388,6.693054,6.341644,4.784332,4.528412,7.05246,4.103699,3.610413,3.117188,2.597351,4.89798,3.096191,1.889557,2.706055,3.522522,4.33902,5.018219,3.059906,6.61322,7.261032,5.923035,4.585022,6.713058,7.403137,7.382751,"46.95106_-121.973"
-121.1831,46.52562,10.86388,12.01395,4.801697,6.094818,12.96269,13.84653,16.97971,16.34377,15.70782,12.7159,12.9431,10.17157,4.584625,-0.7259216,5.365112,11.45613,13.77394,9.689499,10.26039,9.928055,9.687027,9.44603,9.205017,3.227722,3.167633,5.397644,9.862061,7.936218,6.010345,6.579498,4.18396,8.312347,10.72086,12.71654,12.38356,12.05054,11.64211,12.82959,13.04689,8.981445,9.433914,9.886368,10.33884,5.727539,10.76688,6.142426,8.929352,9.398544,9.867737,9.482071,5.131042,6.070129,7.77713,11.3656,10.93927,10.51292,8.388,10.14772,8.17865,7.872864,8.169342,8.465851,8.762329,7.840027,6.636429,5.904037,2.595001,3.608215,4.621429,4.83078,4.46875,3.658569,5.550018,6.104767,8.136475,10.16818,10.59206,5.016602,6.573669,2.905884,4.347656,5.789459,7.231232,7.197083,9.814911,8.35733,4.432037,9.129211,13.82632,6.952118,9.980347,7.785645,8.640976,9.93663,10.08424,10.23187,3.9216,5.056122,8.508789,3.669983,4.420502,5.171021,5.921509,8.078369,7.888641,6.418671,7.847931,6.865784,5.883636,4.901489,4.608643,6.501587,2.87915,5.055939,5.760803,6.465668,5.834869,3.983917,3.136475,4.540161,4.926544,5.312927,5.69931,3.933746,6.230164,6.61969,5.894897,5.455017,5.015076,4.575195,4.287048,5.033508,3.209717,4.376709,5.315979,6.25531,7.411407,5.598633,3.802948,3.006897,4.033264,4.513489,4.993744,4.293091,4.517029,3.531311,3.834198,3.628418,3.422668,3.216888,3.563812,3.69223,2.906952,3.659637,4.262512,4.865387,3.870209,3.945404,4.529907,3.114441,2.995911,4.098694,5.201385,4.174652,3.255768,3.188141,4.267944,3.848724,3.429504,3.010284,3.595551,4.180786,3.465851,4.836304,4.799835,4.763336,4.121887,4.868805,4.782654,3.448273,2.958374,3.652832,4.34729,4.121887,3.536041,3.021729,4.424316,4.26767,4.111053,3.954407,3.218018,3.610107,3.411896,4.398804,4.058655,3.718475,2.35022,3.571167,3.820923,5.02124,5.279785,4.431519,3.583191,3.261322,4.631226,3.30307,2.828217,3.311371,3.794464,4.277618,5.065155,4.187317,4.191132,3.779541,4.03186,4.28421,5.097137,4.177307,3.09433,5.502808,7.911285,6.215118,4.518921,3.861481,4.326691,4.35437,3.373993,3.588654,3.803284,4.017944,3.746704,4.738678,3.418213,4.616302,4.419647,4.223022,3.59967,4.511353,3.859406,3.691132,4.284393,3.988342,3.692322,5.181396,4.474823,4.476746,3.915314,3.99707,4.078827,4.160583,3.200195,4.718597,2.631104,3.899719,4.179321,4.458923,3.382446,3.613464,3.806549,3.561371,3.800232,4.039062,4.277924,3.888733,3.499481,3.253113,4.764648,4.733154,4.701721,4.670197,4.638733,3.310394,4.537537,3.044037,3.551361,4.058716,3.250183,4.514709,3.403198,3.132446,3.595917,4.059387,4.522858,4.552643,4.322876,4.464539,3.380951,4.611298,5.841675,3.179993,3.390961,3.352051,3.358276,3.606171,3.736908,3.867676,3.458771,3.256165,2.41153,1.978638,3.036224,4.093872,5.151459,5.400009,4.114227,4.753906,4.322937,4.270233,4.217529,4.164856,4.424469,4.053741,4.388489,4.540039,4.808655,5.07724,5.630646,5.628937,5.165314,3.225525,3.955872,4.686188,5.416504,5.524902,9.059799,6.852966,6.248657,6.875366,7.502045,6.376984,7.945038,2.836884,4.373169,5.519073,4.157898,2.796722,11.26607,7.793167,2.971741,13.12044,12.22365,11.32687,10.43008,9.505951,12.06448,9.258743,8.311386,9.028564,9.745758,8.636597,10.1217,9.714279,8.048981,7.561707,8.90712,10.25258,8.050858,10.81982,11.18565,11.85887,10.84972,9.840576,8.831421,8.825928,10.20476,"46.52562_-121.1831"
-121.973,45.56837,3.637817,5.230133,3.195709,3.263824,2.270782,5.223114,4.327759,3.432404,2.537018,3.720032,4.123077,4.616333,5.111359,4.302734,3.49408,2.685455,2.689301,5.378418,3.356232,4.002136,3.187836,2.373596,3.555756,3.737152,2.744232,2.096649,0.62323,4.74704,8.87088,4.225037,2.113373,4.625488,2.664429,2.699707,2.735077,2.770386,2.523773,3.965088,3.451263,2.998596,3.344696,3.690796,2.375671,3.374878,2.100128,2.794189,3.300873,3.19812,3.095428,3.463135,1.907776,4.371704,2.981201,2.976288,2.971344,2.9664,4.244598,3.935516,2.767609,2.332336,2.227417,2.122498,2.017578,5.32135,5.125824,3.162201,2.325684,2.252136,2.178558,3.663727,3.878174,4.575439,4.785095,4.526215,4.267303,4.008423,3.001801,2.198883,4.364868,7.190399,-0.339386,-7.869141,2.187622,3.772095,3.503601,4.673279,2.556091,2.688507,2.820923,3.235016,3.937805,4.070648,4.066345,4.032776,3.999176,3.965607,2.260376,3.854004,3.557709,4.088348,3.550995,3.01358,2.476196,3.976227,3.704071,2.193726,3.634583,3.020447,2.406281,4.525635,3.698517,3.18573,4.711853,3.901306,3.09079,2.280243,3.375214,2.87851,2.284302,2.681458,2.561035,2.440582,2.320129,4.105621,2.54953,4.531097,2.452942,3.15387,3.854797,3.231018,4.164062,3.419067,3.910309,3.696564,3.482758,3.269012,3.012665,3.285583,2.507294,2.496979,3.017029,3.537048,4.057098,3.468719,3.401428,3.518402,3.338104,3.842163,4.346222,2.23877,3.256958,2.305969,2.808472,4.715302,3.879089,3.042816,3.784393,4.792206,3.99939,3.239441,3.400146,3.560852,3.721558,2.398163,2.849854,3.381073,2.2854,2.716217,3.147003,3.127899,3.007538,2.887177,2.984924,3.226379,3.992828,4.759247,4.212128,3.6698,2.929047,5.053101,4.684845,4.316589,3.948334,3.174438,2.608032,3.780029,4.147766,3.734863,3.32196,4.268402,3.862061,3.359833,3.042603,3.99411,4.375946,4.757812,3.358826,4.080505,3.335876,4.409149,4.144592,3.879974,3.615417,3.895142,1.812378,4.757172,3.198181,2.988007,2.777802,4.727783,4.804504,3.520325,3.808716,-0.04702759,2.321442,4.689972,2.621521,3.580292,3.247772,3.243683,3.239624,3.235535,3.231476,3.51767,4.046783,3.842957,3.427429,3.731628,4.035858,3.522491,3.306488,3.516205,4.736877,4.526306,4.315704,4.105133,2.070099,2.954895,5.266113,3.400421,3.828735,4.257111,4.685455,3.62323,4.399628,4.638977,4.072845,3.966125,3.859467,6.794037,3.842896,2.314056,1.136932,1.980621,2.82431,3.667999,4.459595,3.347382,1.768799,3.15451,3.121155,3.087738,3.054382,2.639954,2.225555,2.521332,3.523712,3.907593,4.291443,4.675293,5.059143,3.052917,3.577454,3.712433,3.847443,3.982452,3.733643,3.396027,4.008911,3.497528,3.669098,3.840668,4.012238,7.112457,4.789642,4.338867,2.442078,2.828217,3.214325,2.84613,2.15448,3.390656,3.096619,2.89328,2.689911,2.486572,3.454559,1.518738,4.201904,3.107605,-0.5101624,-4.12793,3.097412,3.478027,2.523132,3.469543,2.923492,2.963043,3.002563,3.042084,4.303284,3.260742,3.023834,3.235138,3.446442,3.657745,2.671143,4.999634,2.863495,3.923523,3.817413,3.711273,3.469666,3.425537,3.567444,2.791351,3.496399,3.375854,3.255341,3.405609,3.583069,3.093353,3.037445,3.267212,3.496979,3.726746,3.3479,3.533325,2.758362,3.579132,3.149994,2.720856,3.670929,3.929779,4.904053,2.653381,1.046478,1.956482,2.866486,2.87854,4.170959,2.926178,4.876495,4.890289,4.904053,4.917847,4.024872,3.761963,3.893097,3.320312,3.071747,2.823242,5.109497,5.520935,5.026031,"45.56837_-121.973"
-123.2895,45.51519,6.568665,6.784821,4.316528,4.907074,5.411835,6.049194,5.857819,5.666412,5.475067,3.820892,3.809723,9.847931,0.6696472,2.364441,4.059235,4.241089,5.382996,3.998566,5.368805,-8.044342,-0.9235535,6.197235,4.728119,3.859528,5.673187,5.627502,5.445068,5.262634,5.0802,2.95813,3.695251,4.45282,6.770477,6.674469,6.578491,5.604156,2.837128,5.777985,4.655579,2.692505,4.131866,5.571228,5.42157,5.471344,4.579071,5.646698,5.601746,5.556763,5.51181,3.046173,4.252502,3.60495,5.545502,5.989777,6.43399,3.699371,2.872406,3.789917,4.121063,0.3518677,1.865295,3.378662,4.892059,4.999786,5.212402,5.719971,5.857941,5.995911,6.133881,5.198578,4.623993,5.287933,6.00116,6.016388,6.031586,5.892029,5.142303,-2.564484,5.221466,1.652649,3.434479,5.216278,4.029724,5.65918,6.217072,5.426697,5.855316,6.283936,6.712585,4.621552,4.123352,4.397339,3.575165,4.311462,5.047729,5.784027,3.974609,5.233032,6.430389,0.4273682,5.938843,11.45038,4.660614,4.780884,5.601898,4.841553,5.437378,6.033234,6.629059,6.289337,4.336365,6.575653,5.652496,5.493317,5.334137,5.174957,5.471985,8.149261,8.391846,2.210632,4.671143,7.131683,4.435181,4.887177,4.191833,8.765686,7.72702,6.688263,5.649597,5.956238,4.011139,6.084595,6.484802,6.79776,7.110748,7.423706,4.200378,5.05191,5.590179,3.517944,4.363281,5.208649,5.923065,6.611389,6.761993,6.231506,2.807434,5.196106,7.584808,7.796906,6.156616,7.369141,7.551025,7.386505,7.221985,7.057495,3.903198,7.73349,5.872742,8.645599,7.313049,5.980469,5.422211,4.839874,4.392578,6.107544,-0.6297607,2.221588,5.072998,4.490814,5.738892,6.987,6.970978,6.470978,5.971039,5.471039,4.690491,6.245361,8.618439,9.112488,8.050781,6.989075,5.163147,5.821747,7.043304,6.396332,1.463867,3.386383,5.308899,5.340576,6.79126,6.031403,6.195557,6.18869,6.181854,6.174988,5.819336,6.923584,5.774689,7.731964,6.153442,4.574951,5.802094,6.072235,6.364868,6.857178,-1.6474,2.805786,7.259033,5.178833,5.909515,7.124237,7.588623,6.966522,6.344482,5.722382,6.005463,7.314362,7.549805,7.20932,6.868866,6.528381,7.572906,6.519806,7.518829,8.426971,7.829041,7.231171,6.63327,5.360748,4.565369,4.648193,7.005066,6.805359,6.605621,6.405884,5.035309,5.0737,7.62851,1.140015,3.218201,5.296387,7.026611,5.424164,5.796997,11.8898,9.818573,7.747345,5.676086,5.617279,4.557281,6.095245,5.82019,5.624054,5.427948,5.231812,6.575012,3.803772,7.972534,1.952362,3.92569,5.898987,6.536469,6.208832,5.881195,7.364105,5.381805,5.381805,5.381805,5.381805,5.381805,6.585968,5.278717,5.327698,5.376709,5.42569,4.194153,5.268738,3.878784,1.268127,3.790741,6.313324,5.424286,4.629242,7.436523,7.756714,6.60495,5.453217,4.301453,6.303436,6.392578,4.49472,4.925629,3.678741,2.431854,4.71994,5.200348,4.462402,6.050629,0.8233337,2.670654,4.517975,5.305817,5.223145,4.529053,7.592041,6.759827,5.927582,5.095367,4.263153,6.085205,5.643066,6.359131,5.067047,3.774994,5.555115,4.773315,7.994415,5.865753,0.7200623,2.772552,4.825043,3.122406,5.142609,6.435272,6.777435,6.149384,5.521393,4.893341,3.267822,4.283234,2.979401,6.822479,6.218658,5.614838,5.399506,4.035248,4.611237,4.949707,-7.722382,-0.8404846,6.041412,3.290161,3.115295,3.093384,5.152374,5.83667,6.520996,7.205292,2.73288,4.534943,6.789398,1.498627,3.728668,5.958679,5.141388,6.803131,4.28717,4.763519,5.055603,5.347656,5.63974,5.828644,6.601166,6.553192,"45.51519_-123.2895"
-121.7097,45.30247,4.653168,3.134155,3.321228,5.755768,6.660339,6.543274,7.222046,7.900757,8.579498,8.82309,3.629425,2.701813,2.564728,3.450195,4.335693,5.221161,5.365692,5.907928,3.654755,2.925171,2.543182,2.161194,7.495697,3.511871,3.967621,3.265076,2.243896,4.784515,7.325134,2.135895,2.471802,4.31488,5.283264,6.102814,6.922363,7.741913,4.8797,6.622314,4.612854,5.809418,7.674011,9.538605,5.21579,5.382263,3.924591,3.63092,4.550629,5.217163,5.883636,3.911316,2.546997,5.87677,3.863342,4.764709,5.666107,6.567474,6.694489,6.751495,4.499786,5.763184,5.292786,4.822418,4.35202,6.090942,7.275696,3.618439,3.180023,4.023163,4.866364,3.489349,2.747925,4.514343,5.572296,5.439575,5.306854,5.174133,4.113983,4.266571,5.220886,6.373047,5.480072,4.587067,3.694092,3.826355,5.448334,4.120911,3.798767,4.147797,4.496796,5.231873,5.502441,5.743011,6.522675,6.21875,5.914795,5.61087,3.347382,4.00827,3.377686,4.773499,4.457367,4.141296,3.825165,4.531708,4.224731,5.131989,5.575104,4.957581,4.339996,2.702606,3.654785,6.454468,4.526611,6.361603,5.857208,5.352814,3.182129,5.872894,4.678223,5.158417,5.101257,5.044037,4.986847,3.779083,6.520233,6.17041,4.867126,4.368164,3.869232,4.316711,4.467438,6.521759,4.890076,6.899384,5.916748,4.934174,7.156738,6.443268,4.806885,3.483246,3.778687,4.074158,4.369568,4.268555,4.778198,3.171906,3.445862,3.0065,2.567169,3.818115,3.522644,4.743988,3.656403,4.772583,4.090851,3.409119,2.898895,4.743927,4.398804,4.615448,4.331207,4.046906,3.762665,5.112762,3.514832,3.553162,3.788635,3.606201,3.423706,4.333618,4.291107,4.248596,4.460236,3.594971,3.522461,3.449982,3.345795,4.637695,3.724701,4.591217,4.355865,4.120575,3.885223,3.668213,2.921783,4.594391,4.429504,3.980011,3.530457,3.902893,5.402191,3.115021,4.690369,4.391937,4.457733,4.523468,3.883087,4.889282,3.836548,3.885284,4.299225,4.713196,5.127167,3.714111,3.653931,4.637085,3.559967,3.711914,3.863892,3.422638,4.53598,3.709381,3.398163,0.1057129,1.854675,3.603638,3.701294,4.518585,3.951752,3.916809,3.881897,3.846924,3.811981,4.606995,4.731079,4.155945,3.790741,3.895264,3.999786,4.438904,3.379303,3.553406,4.223145,-1.80835,0.9523315,3.713013,4.245667,4.458069,3.841461,4.063721,4.033691,4.003601,3.973541,3.371246,3.323029,3.518372,4.370819,4.555389,4.73996,3.312653,3.763458,4.114136,3.501862,3.118164,2.734497,2.3508,3.947357,4.460938,4.773468,4.235809,3.907715,3.57962,3.251526,3.376923,3.502319,3.045349,4.004761,4.110687,4.216583,4.322479,4.428375,3.464325,3.618683,3.584473,3.550323,3.516113,3.593414,3.9841,4.304871,3.148346,3.356781,3.565216,3.773651,5.740845,5.662262,4.864777,4.102112,3.882904,3.663727,2.917725,3.841797,3.123199,1.801605,2.391205,2.980804,3.570404,3.397797,1.556854,1.373535,2.633911,3.645081,4.65625,5.66745,6.90274,3.24881,4.738312,4.912964,4.513702,4.11441,3.715149,4.000854,3.797913,4.329376,4.004181,3.679016,3.353821,4.115662,5.472717,4.914581,5.914581,9.22757,12.54062,3.637787,5.479156,6.010468,5.376129,3.671844,5.035706,6.399567,6.853241,5.828766,3.448395,4.015472,4.037689,4.059906,4.082123,7.666321,1.707703,2.093719,8.966553,6.97641,4.986237,8.070862,6.983673,7.72345,4.558929,0.0579834,2.870758,5.683563,4.657562,5.363953,5.046753,5.366364,5.566193,5.766052,5.965851,6.683136,6.773132,9.821518,9.120132,7.8862,6.652313,8.803787,6.853058,7.229904,"45.30247_-121.7097"
-121.7097,45.24929,4.577026,2.892639,3.715912,5.517944,6.629181,7.083893,7.604034,8.124146,8.644302,8.936798,3.49472,2.676971,2.970154,3.877411,4.784607,5.691864,6.308258,6.936768,3.664948,3.276825,3.082458,2.888092,8.081909,4.018066,3.811371,3.216003,0.7713928,3.770538,6.769653,2.324524,2.221222,4.209808,5.310913,5.921722,6.532471,7.14325,4.393799,7.190186,4.820496,5.844543,7.241425,8.638214,5.251343,4.934204,3.480133,3.206116,4.788208,5.116028,5.443817,3.230103,2.455383,5.474976,4.104462,5.078217,6.052002,7.025726,6.466064,6.027924,4.570465,5.729004,5.330505,4.931976,4.533478,6.038879,7.002075,3.277435,3.129974,3.86264,4.595337,3.41272,3.141479,4.076782,5.248779,5.253662,5.258575,5.263489,4.062286,4.099701,4.956635,5.938904,5.289032,4.639099,3.989197,3.42511,5.324768,4.183411,3.83493,4.409149,4.983337,4.83493,5.006439,5.643921,6.269043,6.188507,6.108002,6.027466,3.424347,4.110291,3.450989,4.744568,4.458984,4.17334,3.887756,4.317596,4.22583,5.27652,5.392914,5.030273,4.667633,2.760834,3.88855,6.310242,4.109528,4.448395,4.787292,5.12616,3.059814,6.593567,4.481049,4.879913,4.886169,4.892456,4.898682,3.732147,5.397247,6.096375,4.921478,4.489777,4.058075,4.379974,4.411316,6.281403,4.465637,6.99408,5.942291,4.890533,6.741425,5.674896,4.821167,3.567078,3.805939,4.04483,4.283691,3.930939,4.55545,3.582306,3.699249,3.096802,2.494354,3.836121,3.145782,4.863312,3.557678,4.837646,4.341309,3.844971,2.822968,4.814758,4.405396,4.48468,4.361938,4.239227,4.116486,4.986603,3.316559,3.626862,3.945587,3.622375,3.299194,4.176361,4.114197,4.052032,4.347382,4.109558,3.800171,3.490784,3.236206,4.921692,3.744171,4.932678,4.551727,4.170776,3.789795,3.333771,3.46701,4.320312,4.578613,4.261169,3.943756,3.610931,5.254242,3.219604,4.794373,4.604431,4.444031,4.283691,3.986908,4.972656,4.196411,3.874481,4.416718,4.958893,5.501099,3.867767,4.227325,4.718628,3.986481,4.105072,4.223694,3.474884,4.518372,4.232758,3.596039,2.259583,3.10495,3.950256,3.73175,4.942657,4.188538,4.025299,3.862122,3.698883,3.535675,4.354004,5.01944,4.632629,4.41507,4.327576,4.240112,4.805725,3.347961,4.155151,4.434204,-2.14621,0.9406433,4.027527,4.533325,4.436249,3.693726,4.297485,4.240479,4.183411,4.126373,3.61554,3.344696,3.788849,4.386749,4.477295,4.56781,3.163849,3.7966,4.229828,3.794281,3.358856,2.923431,2.487976,4.104523,4.643738,4.919464,4.424072,4.170197,3.916321,3.662445,3.668243,3.674072,3.406036,4.427734,4.435303,4.442871,4.45047,4.458038,3.798065,4.062561,3.987976,3.913422,3.838837,3.770874,3.96286,4.356079,3.595001,3.572144,3.549286,3.526428,5.60907,5.054596,5.191132,3.994507,3.9216,3.848663,3.185028,3.784119,3.373566,1.803833,2.393005,2.982178,3.57135,3.704193,1.775848,1.403809,2.802032,3.747681,4.693329,5.638977,6.939514,2.944,4.678589,4.845947,4.489532,4.133087,3.776703,3.977478,3.876984,5.065247,4.58075,4.096283,3.611786,3.973022,5.339417,5.139191,5.925018,9.314362,12.7037,3.937103,5.230133,5.678528,5.472473,3.755127,5.11438,6.473663,6.493835,5.990417,3.59082,3.827332,3.927582,4.027832,4.128082,7.288177,2.118195,2.500244,9.21051,7.328918,5.447327,8.240173,7.254272,7.493164,4.241821,-0.1917725,2.727966,5.647705,4.44696,5.644165,4.958069,6.232147,6.037506,5.842804,5.648163,7.298798,6.969116,10.04535,9.419937,8.413269,7.406555,8.652954,7.116302,7.146057,"45.24929_-121.7097"
-111.3752,44.39841,9.681152,14.92508,15.03017,15.13527,15.24036,16.13362,16.03966,16.03992,16.85771,13.92596,10.9942,8.062454,2.943634,7.111755,14.6188,15.56006,15.54605,15.53204,15.59738,10.61426,8.408524,13.60187,14.46124,15.32062,16.17999,1.502289,5.459961,14.75244,16.35454,13.00266,9.650757,6.298889,19.69688,20.89908,20.39481,19.85706,27.09932,34.34158,26.44603,12.43141,18.94998,19.91643,20.2249,16.47487,12.72482,18.85867,14.81451,11.49171,14.97708,15.27989,15.58269,15.8855,14.30249,15.52731,14.92044,15.10884,11.5322,7.955521,16.09436,13.46538,13.03987,12.61436,14.92308,15.63933,16.35556,14.8765,8.665634,2.634979,6.616272,6.440704,6.265198,6.08963,10.96469,2.695557,10.9834,14.43123,16.5088,18.58641,20.66399,7.520294,2.876678,15.2836,19.53355,16.52278,13.51198,22.91991,25.58388,19.26816,12.95242,12.07727,11.20215,10.32701,25.34204,23.40614,18.19534,18.08392,17.36713,16.6503,15.9335,11.88608,8.556885,5.609772,4.294556,4.596527,4.898529,8.237518,2.398499,5.741791,10.01825,7.88324,5.748291,3.613281,2.551483,3.463684,3.591339,5.669434,5.046722,4.424042,3.8013,3.555328,7.462799,4.30545,1.592285,3.151611,4.710876,3.244354,3.656036,4.354645,5.00351,3.921021,2.838562,1.756073,3.407501,3.426544,3.957489,5.68396,5.772125,5.860321,5.948486,5.017639,2.208282,2.975098,3.095825,3.044098,2.992371,2.32431,2.481506,3.254669,4.201843,4.014679,3.827545,3.640381,1.165741,3.085999,2.69812,3.184265,3.294586,3.404907,3.515228,3.209198,2.828186,2.057556,3.969391,4.124481,4.279541,1.352661,3.706482,2.091827,2.344452,2.769501,3.19455,3.619598,3.388855,3.219147,2.888184,2.997253,3.104614,3.212036,3.319397,3.843201,2.769165,2.973022,3.950623,4.385254,4.819855,3.009583,3.56488,3.165802,3.784454,3.772491,3.760498,3.748535,3.406738,4.222504,5.014252,3.922913,3.657867,3.392822,3.127777,2.727173,3.247833,4.277222,3.65979,4.042786,4.425781,3.972351,4.218201,3.704773,3.200989,2.970215,2.739471,2.508698,3.565216,3.509705,4.290192,5.455536,4.814148,4.17276,3.531372,3.34787,3.164368,3.839966,3.484528,3.876068,4.267639,2.212891,2.991241,3.782959,3.728088,3.927307,4.126526,4.325745,7.715881,2.5112,3.248596,4.344299,3.711945,3.07959,2.447235,2.371826,4.614746,2.664185,4.242615,4.14389,4.045135,3.978333,3.027771,2.165436,2.47467,2.48584,2.497009,2.508148,-0.1572876,0.9539185,2.44812,2.865234,2.581116,2.296997,2.012848,2.323517,2.304779,2.863525,3.743103,3.733093,3.723053,3.362457,3.47818,2.842834,2.915527,3.205139,3.494781,3.784363,2.465729,2.435059,2.300781,3.125305,3.349792,3.57428,3.798767,2.091156,2.715668,5.591064,4.812805,3.288208,1.76358,2.309204,2.427155,3.055969,3.602448,3.04715,2.491852,1.936554,3.029907,3.647675,4.23407,3.215637,3.589417,3.963226,4.337006,3.315979,3.530579,3.252502,5.566711,5.636353,5.705994,3.221161,3.32901,6.975098,6.183197,5.391266,4.599365,3.807465,2.101196,4.607422,6.741394,8.342758,7.540359,6.737915,4.93631,6.796661,7.469727,6.568695,5.86795,8.837265,11.80658,13.96161,9.347366,13.15416,9.847504,10.49525,11.14304,11.79079,2.547089,4.581909,13.56052,10.13556,11.14972,12.16386,11.4259,2.500458,8.320435,12.95982,8.656433,12.49017,16.32393,17.71239,2.621857,12.87221,13.93571,15.28233,16.62894,17.97554,14.81596,10.83406,13.9165,12.04974,15.58147,19.11316,14.56415,14.80228,14.69635,14.7063,13.34113,11.97597,10.61079,"44.39841_-111.3752"
-121.1831,42.96254,7.300339,8.87796,4.218506,4.293732,18.812,18.01776,18.02608,18.03438,18.04268,8.748413,2.492523,2.8078,-0.2076721,5.552856,11.3134,17.07391,15.43484,14.84123,10.30092,11.95859,7.776947,3.595245,11.86183,0.7895203,1.667694,-0.4230957,0.7010193,1.825195,2.94931,-0.03329468,1.082916,2.187775,2.330841,3.616211,4.901581,6.186951,6.247879,4.497559,5.086853,2.976471,2.980804,2.985077,3.613861,1.166046,4.432495,2.03891,3.62915,5.219421,6.809662,4.977692,4.443726,3.137665,4.313232,5.833008,7.352814,8.872589,6.784744,5.12764,5.684143,4.725677,5.803009,6.88031,7.957672,4.15387,4.958588,1.709503,1.543091,3.576965,5.610809,2.916351,2.609589,3.41333,2.200989,3.450348,4.699738,5.949097,5.622986,2.769196,3.165253,1.479065,2.376831,3.274597,4.172363,1.033539,3.974518,3.476746,6.597778,5.028229,3.458649,3.640594,4.418945,5.076294,3.995239,4.557312,5.119354,5.681427,4.374664,3.182251,3.529968,2.850952,3.392242,3.933533,4.474823,4.842163,4.144958,3.463165,4.014832,4.450928,4.886993,4.305359,2.275177,2.275879,1.587097,3.47049,5.353851,7.237244,3.266479,2.717987,2.74118,2.888916,3.058014,3.227142,3.39624,3.339233,3.457092,2.333832,3.263123,3.287903,3.312775,3.133698,2.399506,2.311981,0.3773499,2.157623,3.937958,5.718231,5.162384,4.596954,3.650604,3.661957,4.457184,5.252411,6.047638,5.475739,3.310974,2.905304,2.907745,4.647919,6.388031,3.307037,3.858673,3.140442,4.450012,4.845154,5.240356,5.635529,4.025391,2.434021,3.910034,4.02832,4.73996,5.451569,6.163208,5.159149,4.505341,4.308441,3.709778,4.435028,5.160309,4.082581,3.709442,4.920563,4.624481,4.742859,4.861267,4.979675,4.463715,3.54541,3.655518,4.430176,4.367615,4.305115,4.242554,3.673676,3.471436,2.545685,4.396667,4.448059,4.49942,6.412201,4.279449,3.382904,4.127625,4.276581,4.425537,4.574493,5.251221,4.441315,3.970825,4.576569,4.631317,4.686005,4.740753,6.103455,1.740356,3.71698,4.517792,5.173828,5.829803,5.179352,3.549835,5.205048,4.741547,4.561401,4.381317,4.201141,5.759979,5.810211,5.506805,5.7724,6.037994,6.303619,6.569214,5.563812,5.22229,5.54245,5.546234,5.634857,5.723511,5.42395,4.682526,4.634552,3.890961,4.438446,4.985901,5.533417,4.873169,4.554413,4.249786,3.609894,4.153748,4.69754,5.241364,4.306488,5.226044,4.526581,3.173767,4.393005,5.612213,3.76416,3.375702,1.107422,2.932983,3.532806,4.132629,4.732483,4.220795,3.777069,3.982697,4.344635,4.477966,4.611237,4.744568,3.102386,3.872742,3.761902,6.099945,5.44516,4.790344,4.13559,3.889648,5.744354,4.080353,4.25235,4.424377,4.596375,3.799011,3.8479,3.78656,4.873901,4.70932,4.544769,4.380188,2.17334,4.104736,3.366333,5.608429,4.797882,3.987305,4.360016,3.388184,4.137604,3.789032,4.33313,4.877228,5.421326,3.215576,3.966736,3.868622,4.221222,5.118134,6.015106,6.912018,5.086166,3.33844,2.388428,-0.4049072,0.9744873,2.353882,3.733307,2.474976,2.422058,2.098999,2.925262,3.751465,4.577728,4.285858,2.70163,4.727814,0.7140198,2.905975,5.097839,3.06308,5.388092,5.035767,5.289734,5.34668,5.403687,5.460632,7.194244,4.278961,1.528442,0.5700989,1.307281,2.044525,2.781708,2.869324,2.528687,1.631805,0.7706909,4.239258,7.707825,5.859344,3.839478,5.15094,2.069885,4.784241,7.498627,10.213,9.697632,10.57594,10.22765,3.697296,6.107758,8.51825,10.92873,5.187897,7.637665,12.52238,10.95839,11.78035,12.60229,9.889893,11.26221,10.27591,"42.96254_-121.1831"
